siteName,siteStatus,siteAddress,siteState,siteZip,contactPhone,startDate,endDate,daysofOperation,breakfastTime,lunchTime,snackTimeAM,snackTimePM,dinnerSupperTime
13th Ave N & River St. Intersection,,"13th Ave N & River St. Payette, ID 83661",ID,83661,2086424751,3/18/2020,3/30/2020,,,,,,
14th & Elgin Intersection,,"N 14th Ave & E Elgin St Caldwell, ID 83605",ID,83605,2084553331,3/18/2020,6/30/2020,,,,,,
1500 E Near Jensen's,,"1950 S 1500 E Gooding, ID 83330",ID,83330,2089344321,3/18/2020,6/30/2020,,,,,,
5th & Galveston Intersection,,"N 5th Ave & E Galveston St Caldwell, ID 83605",ID,83605,2084553331,3/18/2020,6/30/2020,,,,,,
Aberdeen Elementary School,,"382 W Washington Ave Aberdeen, ID 83210",ID,83210,2083974115,3/30/2020,4/3/2020,,,,,,
AH Bush Elementary,,"380 West Anderson St Idaho Falls, ID 83402",ID,83402,2085257532,3/18/2020,6/30/2020,,,,,,
AJ Winters Elementary,,"535 Clay Street Montpelier, ID 83254",ID,83254,2084067771,3/17/2020,3/26/2020,,,,,,
Alameda Park,,"Wayne Avenue and Pine Street Pocatello, ID   83201",ID  ,83201,2082353256,3/25/2020,5/30/2020,,,,,,
Almon Bus Route,,"411 N Almon Moscow , ID 83843",ID,83843,2088921123,3/24/2020,4/3/2020,,,,,,
Almon Bus Route,,"619 N Almon Moscow , ID 83843",ID,83843,2088921123,3/24/2020,4/3/2020,,,,,,
Almon Bus Route,,"900 N Almon Moscow , ID 83843",ID,83843,2088921123,3/24/2020,4/3/2020,,,,,,
Almon Bus Route,,"West A and Baker St. Moscow , ID 83843",ID,83843,2088921123,3/24/2020,4/3/2020,,,,,,
Alturas Elementary,,"1111 Alturas Elementary Lane Hailey , ID 83333",ID,83333,2085785000,3/18/2020,4/3/2020,,,,,,
Arbor Crossing Apartments,,"5122 W. Stoker Ln Boise , ID  8.703",ID ,8.703,2088544067,3/23/2020,6/30/2020,,,,,,
Ashton Elementary,,"168 S 1st Ashton, ID 83420",ID,83420,2086247542,3/23/2020,4/20/2020,,,,,,
Athol Elementary,,"6333 E Menser Ave Athol, ID 83801",ID,83801,2086870431,3/18/2020,4/24/2020,,,,,,
Atlas Elementary,,"3000 W. Honeysuckle Hayden, ID  83835",ID ,83835,2089290220,3/23/2020,6/30/2020,,,,,,
Avon Trailer Park,,"224 Summer St Caldwell, ID 83605",ID,83605,2084553331,3/18/2020,6/30/2020,,,,,,
AW Johnson Elementary School,,"735 N 600 E Firth, ID 83236",ID,83236,2083466848,3/30/2020,4/9/2020,,,,,,
Balmoral Apartments,,"851 Shenandoah Dr Hailey , ID 83333",ID,83333,2085785000,3/18/2020,4/3/2020,,,,,,
Bannock Peak,,"1707 E County Rd Pocatello, ID 83204",ID,83204,2082214830,3/30/2020,5/1/2020,,,,,,
Battle Ridge Bus Route AM service and PM Service,,"348 Battle Ridge Road Kooskia, ID  83539",ID ,83539,2089830990,3/19/2020,6/30/2020,,,,,,
Battle Ridge Bus Route AM service and PM Service,,"QUAIL LANE & BATTLE RIDGE RD Kooskia, ID 83539",ID,83539,2089830990,3/19/2020,6/30/2020,,,,,,
Battle Ridge Bus Route AM service and PM Service,,"186 Tinker Lane Kooskia, ID 83539",ID,83539,2089830990,3/19/2020,6/30/2020,,,,,,
Battle Ridge Bus Route AM service and PM Service,,"825 BATTLE RIDGE Kooskia, ID 83539",ID,83539,2089830990,3/19/2020,6/30/2020,,,,,,
Battle Ridge Bus Route AM service and PM Service,,"739 BATTLE RIDGE ROAD Kooskia, ID 83539",ID,83539,2089830990,3/19/2020,6/30/2020,,,,,,
Battle Ridge Bus Route AM service and PM Service,,"744 BATTLE RIDGE ROAD Kooskia, ID 83539",ID,83539,2089830990,3/19/2020,6/30/2020,,,,,,
Battle Ridge Bus Route AM service and PM Service,,"Intersection Stites Grade and State Street Stites, ID 83552",ID,83552,2089830990,3/19/2020,6/30/2020,,,,,,
Battle Ridge Bus Route AM service and PM Service,,"Intersection East St. and Stites Grade Rd. Stites, ID 83552",ID,83552,2089830990,3/19/2020,6/30/2020,,,,,,
Battle Ridge Bus Route AM service and PM Service,,"4643 HWY 13 Kooskia, ID 83539",ID,83539,2089830990,3/19/2020,6/30/2020,,,,,,
Battle Ridge Bus Route AM service and PM Service,,"416 Main St. Kooskia, ID 83539",ID,83539,2089830990,3/19/2020,6/30/2020,,,,,,
Battle Ridge Bus Route AM service and PM Service,,"165 Hill Street Kooskia, ID 83539",ID,83539,2089830990,3/19/2020,6/30/2020,,,,,,
Battle Ridge Bus Route AM service and PM Service,,"19 N Depot Street Kooskia, ID 83539",ID,83539,2089830990,3/19/2020,6/30/2020,,,,,,
Battle Ridge Bus Route AM service and PM Service,,"198 Depot Street Kooskia, ID 83539",ID,83539,2089830990,3/19/2020,6/30/2020,,,,,,
Battle Ridge Bus Route AM service and PM Service,,"149 Orchard Lane Kooskia, ID 83539",ID,83539,2089830990,3/19/2020,6/30/2020,,,,,,
Battle Ridge Bus Route AM service and PM Service,,"257 Thenon Road Kooskia, ID 83539",ID,83539,2089830990,3/19/2020,6/30/2020,,,,,,
Bellevue Elementary,,"305 N 5th Street Bellevue, ID 83313",ID,83313,2085785000,3/18/2020,4/3/2020,,,,,,
Benewah Community Center,,"11640 Benewah Creek Road St. Maries, ID 83861",ID,83861,2082451309,3/23/2020,6/30/2020,,,,,,
Bicentennial Park,,"Abraham St Chubbuck, ID 83202",ID,83202,2082353256,3/25/2020,5/30/2020,,,,,,
Bickel Elementary School,,"607 2nd Ave E Twin Falls, ID 83301",ID,83301,2087330134,3/30/2020,4/30/2020,,,,,,
Big Cedar Bus Route AM and PM sites,,"446 Crane Hill Road Kooskia, ID 83539",ID,83539,2089830990,3/19/2020,6/30/2020,,,,,,
Big Cedar Bus Route AM and PM sites,,"202 Pine Hollow Lane Kooskia, ID 83539",ID,83539,2089830990,3/19/2020,6/30/2020,,,,,,
Big Cedar Bus Route AM and PM sites,,"263 Crane Hill Road Kooskia, ID 83539",ID,83539,2089830990,3/19/2020,6/30/2020,,,,,,
Big Cedar Bus Route AM and PM sites,,"217 Crane Hill Road Kooskia, ID 83539",ID,83539,2089830990,3/19/2020,6/30/2020,,,,,,
Big Cedar Bus Route AM and PM sites,,"143 Crane Hall Road Kooskia, ID 83539",ID,83539,2089830990,3/19/2020,6/30/2020,,,,,,
Big Cedar Bus Route AM and PM sites,,"146 Cedar Hollow Lane Kooskia, ID 83539",ID,83539,2089830990,3/19/2020,6/30/2020,,,,,,
Big Cedar Bus Route AM and PM sites,,"791 Big Cedar Rd Kooskia, ID 83539",ID,83539,2089830990,3/19/2020,6/30/2020,,,,,,
Big Cedar Bus Route AM and PM sites,,"46°04'45.8""N 115°48'29.9""W Kooskia, ID 83539",ID,83539,2089830990,3/19/2020,6/30/2020,,,,,,
Big Cedar Bus Route AM and PM sites,,"Intersection RED FIR and Old School House Kooskia, ID 83539",ID,83539,2089830990,3/19/2020,6/30/2020,,,,,,
Big Cedar Bus Route AM and PM sites,,"Intersection CEDAR CREEK and Falcon Ridge Road Kooskia, ID 83539",ID,83539,2089830990,3/19/2020,6/30/2020,,,,,,
Big Cedar Bus Route AM and PM sites,,"414 Big Cedar Road Kooskia Kooskia, ID 83539",ID,83539,2089830990,3/19/2020,6/30/2020,,,,,,
Big Cedar Bus Route AM and PM sites,,"Intersection HAWTHORNE and Big Cedar Road Kooskia, ID 83539",ID,83539,2089830990,3/19/2020,6/30/2020,,,,,,
Big Cedar Bus Route AM and PM sites,,"Intersection WILD PLUM  & BIG CEDAR RD Kooskia, ID 83539",ID,83539,2089830990,3/19/2020,6/30/2020,,,,,,
Big Cedar Bus Route AM and PM sites,,"Intersection Mulledy and Leitch Creek Road Kooskia, ID 83539",ID,83539,2089830990,3/19/2020,6/30/2020,,,,,,
Big Cedar Bus Route AM and PM sites,,"469 LEITCH CREEK RD Kooskia, ID 83539",ID,83539,2089830990,3/19/2020,6/30/2020,,,,,,
Big Cedar Bus Route AM and PM sites,,"Intersection Long Bluff Road and Leitch Creek Road Kooskia, ID 83539",ID,83539,2089830990,3/19/2020,6/30/2020,,,,,,
Big Cedar Bus Route AM and PM sites,,"Intersection Mulledy Road and Leitch Creek Road Kooskia, ID 83539",ID,83539,2089830990,3/19/2020,6/30/2020,,,,,,
Big Sky,,"Intersection Falcon Circle E and Curlew Road American Falls, ID 83211",ID,83211,2082214830,3/30/2020,5/1/2020,,,,,,
Big Sky Dairy Housing,,"2300 S 1400 E Gooding, ID 83330",ID,83330,2089344321,3/18/2020,6/30/2020,,,,,,
Big Sky Heifer Ranch,,"1500 S 2050 E Gooding, ID 83330",ID,83330,2089344321,3/18/2020,6/30/2020,,,,,,
Birch Elementary School,,"6900 Birch Lane Nampa, ID 83688",ID,83688,2084549614,3/30/2020,5/29/2020,,,,,,
Blackfoot Heritage Sixth Grade,,"50 S Shilling Ave Blackfoot, ID 83221",ID,83221,2087858861,3/23/2020,4/3/2020,,,,,,
Blue Haven Mobile Home Park,,"110 Blue Haven Lane Ketchum, ID 83353",ID,83353,2085785000,3/18/2020,4/3/2020,,,,,,
Borah Elementary,,"632 E. Borah Ave. Coeur d' Alene, ID  83814",ID ,83814,2089290220,3/23/2020,6/30/2020,,,,,,
Boundary County Middle School,,"6577 Main St. 100 Bonners Ferry, ID 83805",ID,83805,2082675519,3/23/2020,5/31/2020,"M,T,W,Th",,,,,
Bovill Elementary School ,,"410 3rd Avenue Bovill, ID 83806",ID,83806,2088771152,3/23/2020,3/27/2020,,,,,,
Bridgewater Elementary,,"1499 Indian Hollow Dr. Idaho Falls, ID 83401",ID,83401,2082279671,3/16/2020,6/30/2020,,,,,,
Bryan Elementary,,"820 Harrison Ave. Coeur d' Alene, ID  83814",ID ,83814,2089290220,3/23/2020,6/30/2020,,,,,,
Burley High School,,"2100 Parke Ave Burley, ID 83318",ID,83318,2088786626,3/30/2020,4/3/2020,,,,,,
Bus Route,,"213 Hells Gulch Road St. Maries, ID 83861",ID,83861,2086893511,3/19/2020,6/30/2020,,,,,,
Bus Route,,"7407 Hells Gulch Road St. Maries, ID 83861",ID,83861,2086893511,3/19/2020,6/30/2020,,,,,,
Bus Route,,"31465 S Hells Gulch Road St. Maries, ID 83861",ID,83861,2086893511,3/19/2020,6/30/2020,,,,,,
Bus Route,,"Mission Point Lane St. Maries, ID 83861",ID,83861,2086893511,3/19/2020,6/30/2020,,,,,,
Bus Route,,"Indian Mountain Road Harrison, ID 83833",ID,83833,2086893511,3/19/2020,6/30/2020,,,,,,
Bus Route,,"5683 E O'Gara Road Harrison, ID 83833",ID,83833,2086893511,3/19/2020,6/30/2020,,,,,,
Bus Route,,"2102 E O'Gara Rod Harrison, ID 83833",ID,83833,2086893511,3/19/2020,6/30/2020,,,,,,
Bus Route,,"Harrison City Hall 100 N Frederick Harrison, ID 83833",ID,83833,2086893511,3/19/2020,6/30/2020,,,,,,
Bus Route,,"200 S Coeur d'Alene Avenue Harrison, ID 83833",ID,83833,2086893511,3/19/2020,6/30/2020,,,,,,
Bus Route,,"Skyline and Van Dusen Harrison, ID 83833",ID,83833,2086893511,3/19/2020,6/30/2020,,,,,,
Bus Route,,"4202 E Van Dusen Harrison, ID 83833",ID,83833,2086893511,3/19/2020,6/30/2020,,,,,,
Bus Route,,"4995 E Van Dusen Harrison, ID 83833",ID,83833,2086893511,3/19/2020,6/30/2020,,,,,,
Bus Route 2,,"24338 Highway 3 Medimont, ID 83842",ID,83842,2086893511,3/19/2020,6/30/2020,,,,,,
Bus Route 2,,"28260 Highway 3 Medimont, ID 83842",ID,83842,2086893511,3/19/2020,6/30/2020,,,,,,
Bus Route 2,,"22090 Highway 3 Medimont, ID 83842",ID,83842,2086893511,3/19/2020,6/30/2020,,,,,,
Bus Route 2,,"21700 S Lake Street Medimont, ID 83842",ID,83842,2086893511,3/19/2020,6/30/2020,,,,,,
Bus Route 2,,"35775 Highway 3 Harrison, ID 83833",ID,83833,2086893511,3/19/2020,6/30/2020,,,,,,
Bus Route 2,,"36124 Highway 3 Harrison, ID 83833",ID,83833,2086893511,3/19/2020,6/30/2020,,,,,,
Bus Route 2,,"Highway 3 mile marker 100 Harrison, ID 83833",ID,83833,2086893511,3/19/2020,6/30/2020,,,,,,
Bus Route 2,,"Wood Duck Lane Harrison, ID 83833",ID,83833,2086893511,3/19/2020,6/30/2020,,,,,,
Bus Route 2,,"40475 Highway 3 Harrison, ID 83833",ID,83833,2086893511,3/19/2020,6/30/2020,,,,,,
Bus Route 2,,"44793 Highway 3 Harrison, ID 83833",ID,83833,2086893511,3/19/2020,6/30/2020,,,,,,
Bus Route Feeding Route to Garden Valley School,,"1044 Banks Garden Valley, ID 83622",ID,83622,2084623756,3/30/2020,6/1/2020,,,,,,
Bus Route Feeding Route to Garden Valley School,,"15 Timber Ln Garden Valley, ID 83622",ID,83622,2084623756,3/30/2020,6/1/2020,,,,,,
Bus Route Feeding Route to Garden Valley School,,"Frazier Creek Rd Garden Valley, ID 83622",ID,83622,2084623756,3/30/2020,6/1/2020,,,,,,
Bus Route Feeding Route to Garden Valley School,,"Rivers Point Ln Garden Valley, ID 83622",ID,83622,2084623756,3/30/2020,6/1/2020,,,,,,
Bus Route Feeding Route to Garden Valley School,,"856 Banks Lowman Rd Garden Valley, ID 83622",ID,83622,2084623756,3/30/2020,6/1/2020,,,,,,
Bus Route Feeding Route to Garden Valley School,,"Sawmill Ln Garden Valley, ID 83622",ID,83622,2084623756,3/30/2020,6/1/2020,,,,,,
Bus Route Feeding Route to Garden Valley School,,"290 S Middlefork Rd Garden Valley, ID 83622",ID,83622,2084623756,3/30/2020,6/1/2020,,,,,,
Bus Route Feeding Route to Garden Valley School,,"Wander Inn Garden Valley Garden Valley, ID 83622",ID,83622,2084623756,3/30/2020,6/1/2020,,,,,,
Bus Route Feeding Route to Garden Valley School,,"486 S Middlefork Rd Garden Valley, ID 83622",ID,83622,2084623756,3/30/2020,6/1/2020,,,,,,
Bus Route Feeding Route to Garden Valley School,,"Castle Mountain Dr. Garden Valley, ID 83622",ID,83622,2084623756,3/30/2020,6/1/2020,,,,,,
Bus Route Feeding Route to Garden Valley School,,"Old Crouch Road Garden Valley, ID 83622",ID,83622,2084623756,3/30/2020,6/1/2020,,,,,,
Bus Route Feeding Route to Garden Valley School,,"25 Miracle Ln Garden Valley, ID 83622",ID,83622,2084623756,3/30/2020,6/1/2020,,,,,,
Bus Route Feeding Route to Garden Valley School,,"Branson Drive Lowman, ID 83622",ID,83622,2084623756,3/30/2020,6/1/2020,,,,,,
Bus Route Feeding Route to Garden Valley School,,"South Fork Loop Lowman, ID 83622",ID,83622,2084623756,3/30/2020,6/1/2020,,,,,,
Bus Route Feeding Route to Garden Valley School,,"8406 ID-21 Lowman, ID 83622",ID,83622,2084623756,3/30/2020,6/1/2020,,,,,,
Bus Route Feeding Route to Garden Valley School,,"7600 High Way 21 Lowman, ID 83622",ID,83622,2084623756,3/30/2020,6/1/2020,,,,,,
Bus Route Feeding Route to Garden Valley School,,"7359 ID-21 Lowman, ID 83622",ID,83622,2084623756,3/30/2020,6/1/2020,,,,,,
Bus Route Feeding Route to Garden Valley School,,"Southfork Ln Garden Valley, ID 83622",ID,83622,2084623756,3/30/2020,6/1/2020,,,,,,
Bus Route Feeding Route to Garden Valley School,,"Elzie Ln Garden Valley, ID 83622",ID,83622,2084623756,3/30/2020,6/1/2020,,,,,,
Bus Route Feeding Route to Garden Valley School,,"17 Tucker Ln Garden Valley, ID 83622",ID,83622,2084623756,3/30/2020,6/1/2020,,,,,,
Bus Route Feeding Route to Garden Valley School,,"Castle Mountain Mailboxes Garden Valley Garden Valley, ID 83622",ID,83622,2084623756,3/30/2020,6/1/2020,,,,,,
Bus Route Feeding Route to Garden Valley School,,"Warm Springs Rd Garden Valley, ID 83622",ID,83622,2084623756,3/30/2020,6/1/2020,,,,,,
Bus Route Feeding Route to Garden Valley School,,"126 Warm Springs Rd Garden Valley, ID 83622",ID,83622,2084623756,3/30/2020,6/1/2020,,,,,,
Bus Route Feeding Route to Garden Valley School,,"Shilo Ranch & McBride Creek Garden Valley, ID 83622",ID,83622,2084623756,3/30/2020,6/1/2020,,,,,,
Bus Route Feeding Route to Garden Valley School,,"12 Lightning Creek Cir Garden Valley, ID 83622",ID,83622,2084623756,3/30/2020,6/1/2020,,,,,,
Bus Route Feeding Route to Garden Valley School,,"35 Crossbow Rd Garden Valley, ID 83622",ID,83622,2084623756,3/30/2020,6/1/2020,,,,,,
Bus Route Feeding Route to Garden Valley School,,"51 Wagon Springs Rd Garden Valley, ID 83622",ID,83622,2084623756,3/30/2020,6/1/2020,,,,,,
Bus Route Feeding Route to Garden Valley School,,"Bunch Drive Garden Valley, ID 83622",ID,83622,2084623756,3/30/2020,6/1/2020,,,,,,
Bus Route Feeding Route to Garden Valley School,,"Riffle Ln Garden Valley, ID 83622",ID,83622,2084623756,3/30/2020,6/1/2020,,,,,,
Bus Route Feeding Route to Garden Valley School,,"Wooded River Garden Valley, ID 83622",ID,83622,2084623756,3/30/2020,6/1/2020,,,,,,
Bus Route Feeding Route to Garden Valley School,,"Scriver Creek Garden Valley, ID 83622",ID,83622,2084623756,3/30/2020,6/1/2020,,,,,,
Bus Route Feeding Route to Garden Valley School,,"Scriver Bluff Garden Valley, ID 83622",ID,83622,2084623756,3/30/2020,6/1/2020,,,,,,
Bus Route Feeding Route to Garden Valley School,,"River Road Garden Valley, ID 83622",ID,83622,2084623756,3/30/2020,6/1/2020,,,,,,
Bus Route Feeding Route to Garden Valley School,,"Quail Run Garden Valley, ID 83622",ID,83622,2084623756,3/30/2020,6/1/2020,,,,,,
Bus Route Feeding Route to Garden Valley School,,"Smith Creek Rd Garden Valley, ID 83622",ID,83622,2084623756,3/30/2020,6/1/2020,,,,,,
Bus Route Feeding Route to Garden Valley School,,"Veterinary Way Garden Valley, ID 83622",ID,83622,2084623756,3/30/2020,6/1/2020,,,,,,
Bus Route Feeding Route to Garden Valley School,,"Valley High Rd Garden Valley, ID 83622",ID,83622,2084623756,3/30/2020,6/1/2020,,,,,,
Bus Route Feeding Route to Garden Valley School,,"Baker Rd Garden Valley, ID 83622",ID,83622,2084623756,3/30/2020,6/1/2020,,,,,,
Bus Route Feeding Route to Garden Valley School,,"Packer John Dr. Garden Valley, ID 83622",ID,83622,2084623756,3/30/2020,6/1/2020,,,,,,
Bus Route Feeding Route to Garden Valley School,,"Starlight Mountain Theatre Garden Valley, ID 83622",ID,83622,2084623756,3/30/2020,6/1/2020,,,,,,
Bus Route Feeding Route to Garden Valley School,,"1053 Banks Lowman Rd Garden Valley, ID 83622",ID,83622,2084623756,3/30/2020,6/1/2020,,,,,,
Bus Stop - 39 Brownlee Rd,,"39 Brownlee Rd Horseshoe Bend, ID  83629",ID ,83629,2087932225,3/30/2020,6/30/2020,,,,,,
Bus Stop - Harris Creek & Harleywood Blvd,,"Harris Creek & Harleywood Blvd Horseshoe Bend, ID  83629",ID ,83629,2087932225,3/30/2020,6/30/2020,,,,,,
Bus Stop - Porter Creek & Zimmer Ln,,"Porter Creek & Zimmer Ln Horseshoe Bend, ID  83629",ID ,83629,2087932225,3/30/2020,6/30/2020,,,,,,
Bus Stop 1,,"9936 W E ST, WORLEY ID 83876 Worley, ID 83876",ID,83876,2086862194,3/23/2020,6/30/2020,,,,,,
Bus Stop 1,,"30203 S 1st  Street Worley Worley, ID 83876",ID,83876,2086862194,3/23/2020,6/30/2020,,,,,,
Bus Stop 1,,"East of Pete Silas Road on Bald Eagle Lane Worley, ID 83876",ID,83876,2086862194,3/23/2020,6/30/2020,,,,,,
Bus Stop 1,,"East of Pete Silas Road on Red Tail Hawk Lane Worley, ID 83876",ID,83876,2086862194,3/23/2020,6/30/2020,,,,,,
Bus Stop 2,,"1005 8th Street Plummer, ID 83851",ID,83851,2086862194,3/23/2020,6/30/2020,,,,,,
Bus Stop 2,,"281 G Street Plummer, ID 83851",ID,83851,2086862194,3/23/2020,6/30/2020,,,,,,
Bus Stop 2,,"520 C Street Plummer, ID 83851",ID,83851,2086862194,3/23/2020,6/30/2020,,,,,,
Bus Stop 3,,"382119 US-95 Tensed, ID 83870",ID,83870,2086862194,3/23/2020,6/30/2020,,,,,,
Bus Stop 3,,"Old Agency Loop Road OFF Agency Plummer, ID 83851",ID,83851,2086862194,3/23/2020,6/30/2020,,,,,,
Bus  Stop 3,,"111 Byrnes Avenue Desmet, ID 83824",ID,83824,2086862194,3/23/2020,6/30/2020,,,,,,
Bussing Route (Cheney Bus),,"1800 E Ave W Gooding, ID 83330",ID,83330,2089344321,3/17/2020,6/30/2020,,,,,,
Bust Stop 1,,"3rd and H Street Worley Worley, ID 83876",ID,83876,2086862194,3/23/2020,6/30/2020,,,,,,
Caldwell High School,,"3401 South Indiana Caldwell, ID 83605",ID,83605,2084553331,3/18/2020,6/30/2020,,,,,,
Caldwell Park,,"S 8th Avenue and E Center Street Pocatello, ID 83201",ID,83201,2082353256,3/25/2020,5/30/2020,,,,,,
Canyon Elementary School,,"27491 E Schoolhouse Loop Cataldo, ID 83810",ID,83810,2087841348,3/23/2020,4/3/2020,,,,,,
Carey School,,"20 Panther Lane Carey , ID 83320",ID,83320,2085785000,3/18/2020,4/3/2020,,,,,,
Castleford School,,"500 Main Street Castleford, ID 83321",ID,83321,2085376511208,3/30/2020,6/30/2020,,,,,,
Centennial Elementary School,,"522 Mason Ln Nampa, ID 83651",ID,83651,2084684607,3/30/2020,4/21/2020,,,,,,
Centerville Fire Dept.,,"115 Grimes Pass Rd. Idaho City , ID 83631",ID,83631,2083924183,3/30/2020,6/30/2020,,,,,,
Central Elementary,,"1415 5th St S Nampa, ID 83651",ID,83651,2084684607,3/30/2020,4/21/2020,,,,,,
Challis Elementary,,"950 Bluff Ave Challis, ID 83226",ID,83226,2088332123,3/30/2020,5/22/2020,,,,,,
Chief Joseph School of Arts,,"1100 E Chateau Dr. Meridian, ID 83642",ID,83642,2083505109,3/20/2020,6/30/2020,,,,,,
Clark Fork Jr/Sr School,,"502 North Main St. Clark Fork, ID 83811",ID,83811,20826321841018,3/19/2020,6/30/2020,,,,,,
Clear Creek/Pole Yard Bus Route ,,"413 Main St Kooskia, ID 83539",ID,83539,2089830990,3/19/2020,6/30/2020,,,,,,
Clear Creek/Pole Yard Bus Route ,,"257 Thenon St. Kooskia, ID 83539",ID,83539,2089830990,3/19/2020,6/30/2020,,,,,,
Clear Creek/Pole Yard Bus Route ,,"301 Thenon Street Kooskia, ID 83539",ID,83539,2089830990,3/19/2020,6/30/2020,,,,,,
Clear Creek/Pole Yard Bus Route ,,"306 Pine St. Kooskia, ID 83539",ID,83539,2089830990,3/19/2020,6/30/2020,,,,,,
Clear Creek/Pole Yard Bus Route ,,"412 Toll Rd Kooskia, ID 83539",ID,83539,2089830990,3/19/2020,6/30/2020,,,,,,
Clear Creek/Pole Yard Bus Route ,,"1251 Clearcreek Road Kooskia, ID 83539",ID,83539,2089830990,3/19/2020,6/30/2020,,,,,,
Clear Creek/Pole Yard Bus Route ,,"Intersection Clearcreek Road and Elk Meadows Road Kooskia, ID 83539",ID,83539,2089830990,3/19/2020,6/30/2020,,,,,,
Clear Creek/Pole Yard Bus Route ,,"833 Clearcreek Road Kooskia, ID 83539",ID,83539,2089830990,3/19/2020,6/30/2020,,,,,,
Clear Creek/Pole Yard Bus Route ,,"689 Clear Creek Kooskia, ID 83539",ID,83539,2089830990,3/19/2020,6/30/2020,,,,,,
Clear Creek/Pole Yard Bus Route ,,"624 Clearcreek Rd Kooskia, ID 83539",ID,83539,2089830990,3/19/2020,6/30/2020,,,,,,
Clear Creek/Pole Yard Bus Route ,,"UPPER CLEAR CREEK BRIDGE Kooskia, ID 83539",ID,83539,2089830990,3/19/2020,6/30/2020,,,,,,
Clear Creek/Pole Yard Bus Route ,,"235 Cedar Creek Road Kooskia, ID 83539",ID,83539,2089830990,3/19/2020,6/30/2020,,,,,,
Clearwater Bus Route,,"108 Sallyann Road Clearwater, ID 83552",ID,83552,2089830990,3/19/2020,6/30/2020,,,,,,
Clearwater Bus Route,,"Intersection ELK CITY WAGON ROAD and Jacks Road Clearwater, ID 83552",ID,83552,2089830990,3/19/2020,6/30/2020,,,,,,
Clearwater Bus Route,,"Intersection Pleasant Valley Rd and JERICO ROAD Clearwater, ID 83552",ID,83552,2089830990,3/19/2020,6/30/2020,,,,,,
Clearwater Bus Route,,"716 Pleasant Valley Loop Clearwater Clearwater, ID 83552",ID,83552,2089830990,3/19/2020,6/30/2020,,,,,,
Clearwater Bus Route,,"603 PLEASANT VALLEY Clearwater, ID 83552",ID,83552,2089830990,3/19/2020,6/30/2020,,,,,,
Clearwater Bus Route,,"Intersection JAMES RD and Pleasant Valley Rd Clearwater, ID 83552",ID,83552,2089830990,3/19/2020,6/30/2020,,,,,,
Clearwater Bus Route,,"Intersection Pleasant Valley and Brotnov Rd Clearwater, ID 83552",ID,83552,2089830990,3/19/2020,6/30/2020,,,,,,
Clearwater Bus Route,,"293 Pleasant Valley Road Clearwater, ID 83552",ID,83552,2089830990,3/19/2020,6/30/2020,,,,,,
Clearwater Valley Elementary,,"306 E. Pine St Kooskia, ID 83539",ID,83539,2089830990,3/19/2020,6/30/2020,,,,,,
Cloverdale Elementary,,"3999 Greenwillow Idaho Falls, ID 83401",ID,83401,2082279671,3/16/2020,6/30/2020,,,,,,
Compass Charter - Elementary,,"2511 W Cherry Lane Meridian, ID 83642",ID,83642,2089228813,4/6/2020,4/30/2020,,,,,,
Compass Charter - Secondary,,"4667 W Aviator Street Meridian, ID 83642",ID,83642,2089228813,4/6/2020,4/30/2020,,,,,,
Cottonwood Elementary,,"3955 E 200 N Rigby, ID 83442",ID,83442,2087456693,3/18/2020,4/3/2020,,,,,,
Council Mini Storage,,"204 4th Ave Council, ID 83612",ID,83612,2082534223,3/30/2020,4/30/2020,,,,,,
Council Valley Assembly of God,,"500 W Whiteley Council, ID 83612",ID,83612,2082534223,3/30/2020,4/30/2020,,,,,,
Country Chalet Mobile Home Park,,"12427 Hwy 75 Ketchum, ID 83353",ID,83353,2085785000,3/18/2020,4/3/2020,,,,,,
Country Village Trailer Park,,"Woodbridge St & Country Village Ave Caldwell, ID 83605",ID,83605,2084553331,3/18/2020,6/30/2020,,,,,,
County Line Farms Housing/North Pleasant Valley,,"County Line Road and North Pleasant Vally Road American Falls, ID 83211",ID,83211,2082214830,3/30/2020,5/1/2020,,,,,,
Crooked Bridge,,"1750 E 1700 S Gooding, ID 83330",ID,83330,2089344321,3/18/2020,6/30/2020,,,,,,
Cuddle Bug Day Care,,"400 Main St. Payette, ID 83661",ID,83661,2086424751,3/18/2020,3/30/2020,,,,,,
D.D. Stalker Elementary,,"991 W Center St Blackfoot, ID 83221",ID,83221,2087858861,3/23/2020,4/3/2020,,,,,,
Deary School ,,"502 1st Avenue Deary, ID 83823",ID,83823,2088771151,3/23/2020,3/27/2020,,,,,,
Declo Elementary School,,"120 East Main St. Declo, ID 83323",ID,83323,2088786626,3/30/2020,4/3/2020,,,,,,
Desert Sage Elementary,,"9325 W Mossywood St Meridian, ID 83709",ID,83709,2083505109,3/24/2020,6/30/2020,,,,,,
Dietrich School,,"406 N Park St. Dietrich, ID 83324",ID,83324,2085442158,3/23/2020,4/3/2020,,,,,,
Dog Creek Road,,"1800 E 1300 S Gooding, ID 83330",ID,83330,2089344321,3/18/2020,6/30/2020,,,,,,
Donnelly Elementary,,"327 E Roseberry Rd Donnelly, ID  83615",ID ,83615,2086305003,3/30/2020,6/30/2020,,,,,,
Dora Erickson Elementary School,,"940 Garfield St Idaho Falls, ID 83401",ID,83401,2085257532,3/18/2020,6/30/2020,,,,,,
Driggs Elementary,,"265 LeGrande Pierre Ave Driggs, ID 83422",ID,83422,2082285723,3/17/2020,4/20/2020,,,,,,
Eagle Rock Middle School,,"2020 Pancheri Drive Idaho Falls, ID 83402",ID,83402,2085257532,3/18/2020,6/30/2020,,,,,,
Early Childhood Center,,"260 W Main Rigby, ID 83442",ID,83442,2087456693,3/18/2020,4/3/2020,,,,,,
East Elementary,,"775 N 10th E St Mountain Home, ID 83647",ID,83647,2085872580,3/30/2020,6/30/2020,,,,,,
East Hwy 26,,"2200 East Hwy 26 Gooding, ID 83330",ID,83330,2089344321,3/18/2020,6/30/2020,,,,,,
East Minico Middle School,,"1805 H Street Rupert, ID 83350",ID,83350,2084363625,3/18/2020,3/20/2020,,,,,,
East Park,,"3rd St E & Illinois St Gooding, ID 83330",ID,83330,2089344321,3/18/2020,6/30/2020,,,,,,
Edahow Elementary School,,"2020 Pocatello Creek Road Pocatello, ID 83201",ID,83201,2082353256,3/25/2020,5/30/2020,,,,,,
Eden Post Office,,"220 Wilson St East Eden, ID 83325",ID,83325,2088294107,3/31/2020,6/30/2020,,,,,,
Elevate Academy,,"114 W. Chicago St Caldwell, ID 83605",ID,83605,2087794086,3/17/2020,6/30/2020,,,,,,
Eliza Hart Spalding Stem Academy,,"12311 W Braddock Dr. Boise, ID 83709",ID,83709,2083505109,3/20/2020,6/30/2020,,,,,,
Elk River Community Center,,"35133 Dent Bridge Rd Elk River, ID  83827",ID ,83827,2088771154,3/23/2020,3/27/2020,,,,,,
Ellis ELementary School,,"550 Whitaker Rd Pocatello, ID 83202",ID,83202,2082353256,3/25/2020,5/30/2020,,,,,,
Emerson Alternative High School,,"333 5th St Idaho Falls, ID 83401",ID,83401,2085257532,3/18/2020,6/30/2020,,,,,,
Emmett Middle School,,"301 East 4th St. Emmett, ID 83617",ID,83617,2083654084,3/19/2020,5/29/2020,,,,,,
Endeavor Elementary,,"2824 E Victory Rd Nampa, ID 83687",ID,83687,2084684607,3/30/2020,4/21/2020,,,,,,
Evergreen Apartments,,"2150 Main St. Gooding, ID 83330",ID,83330,2089344321,3/18/2020,6/30/2020,,,,,,
Exeter,,"1774 S Exeter St Council, ID 83612",ID,83612,2082534223,3/30/2020,4/30/2020,,,,,,
Fairview Elementary,,"979 E 97 N Idaho Falls, ID 83401",ID,83401,2082279671,3/16/2020,6/30/2020,,,,,,
Falls Valley Elementary,,"2455 Virolow Dr. Idaho Falls, ID 83401",ID,83401,2082279671,3/16/2020,6/30/2020,,,,,,
Family Dollar Parking Lot,,"370 S. E. Street Grangeville, ID 83530",ID,83530,2089830990,3/19/2020,6/30/2020,,,,,,
Famin Stidwell Elementary School,,"1626 Spruce St. Sandpoint, ID 83864",ID,83864,20826321841018,3/19/2020,6/30/2020,,,,,,
Farmway Village Apartments,,"22730 Farmway Caldwell, ID 83607",ID,83607,2084553331,3/18/2020,6/30/2020,,,,,,
Fernan Elementary,,"520 21st Ave Coeur d' Alene, ID  83814",ID ,83814,2089290220,3/23/2020,6/30/2020,,,,,,
Filer Elementary School,,"700 Stevens Avenue Filer, ID 83328",ID,83328,2082932883,3/30/2020,6/30/2020,,,,,,
Fire Station Camp,,"Nine Rd. Bonners Ferry, ID 83805",ID,83805,2082675519,3/23/2020,5/31/2020,"M,T,W,Th",,,,,
Fort Hall Elementary,,"1415 B Ave Pocatello, ID 83202",ID,83202,2087858861,3/23/2020,4/3/2020,,,,,,
Foster Farm Bus Stop,,"1287 Larson Rd Mullan, ID 83846",ID,83846,2087441118,3/19/2020,6/30/2020,,,,,,
Frank Church High School,,"8051 W Salt Creek Ct Boise , ID 83709",ID,83709,2088544067,3/23/2020,6/30/2020,,,,,,
Frontier Elementary,,"11851 W Musket Dr. Boise, ID 83713",ID,83713,2083505109,3/20/2020,6/30/2020,,,,,,
Gannett Fire Station,,"803 Main St. Gannett, ID 83313",ID,83313,2085785000,3/18/2020,4/3/2020,,,,,,
Garden Grove Estates/Shannon Drive,,"Intersection Garden Road and Shannon Drive American Falls, ID 83211",ID,83211,2082214830,3/30/2020,5/1/2020,,,,,,
Garfield Elementary,,"1914 Broadway Ave Boise , ID 83706",ID,83706,2088544067,3/23/2020,6/30/2020,,,,,,
Genesee School,,"330 W Ash Street Genesee, ID 83832",ID,83832,2082851161206,4/6/2020,4/17/2020,,,,,,
Georgetown Elementary,,"142 Stringtown Rd. Georgetown, ID 83239",ID,83239,2084067771,3/17/2020,3/26/2020,,,,,,
Gibble Farm Bus Stop,,"1316 Larson Rd Mullan, ID 83846",ID,83846,2087441118,3/19/2020,6/30/2020,,,,,,
Glenns Ferry School District,,"639 N Bannock St Glenns Ferry, ID 83623",ID,83623,2083662053,4/1/2020,4/8/2020,,,,,,
Gooding Elementary,,"1045 7th Ave W Gooding , ID 83330",ID,83330,2089344321,3/17/2020,6/30/2020,,,,,,
Gooding High School,,"1050 7th Ave W Gooding , ID 83330",ID,83330,2089344321,3/17/2020,6/30/2020,,,,,,
Gooding Middle School,,"1047 7th Ave W Gooding , ID 83330",ID,83330,2089344321,3/17/2020,6/30/2020,,,,,,
Government Road Area,,"Intersection Syphon and Government Road American Falls, ID 83211",ID,83211,2082214830,3/30/2020,5/1/2020,,,,,,
Grace Jordan Elementary,,"6411 Fairfield Ave Boise , ID 83709",ID,83709,2088544067,3/23/2020,6/30/2020,,,,,,
Grace Jr/Sr High School,,"704 S. Main Street Grace , ID 83241",ID,83241,2083170483,3/18/2020,6/30/2020,,,,,,
Grangeville Elementary/Middle School,,"400 S. Idaho St Grangeville, ID 83530",ID,83530,2089830990,3/19/2020,6/30/2020,,,,,,
Greenacres Elementary School,,"1250 East Oak St Pocatello, ID 83201",ID,83201,2082353256,3/25/2020,5/30/2020,,,,,,
Groveland Elementary,,"375 W 170 N Blackfoot, ID 83221",ID,83221,2087858861,3/23/2020,4/3/2020,,,,,,
Hacker Middle School,,"550 E Jackson St Mountain Home, ID 83647",ID,83647,2085872580,3/30/2020,6/30/2020,,,,,,
Hagerman Elementary School,,"324 N 2nd Avenue Hagerman, ID 83332",ID,83332,2088374777,3/30/2020,6/30/2020,,,,,,
Hailey Elementary,,"520 S 1st Ave Hailey , ID 83333",ID,83333,2085785000,3/18/2020,4/3/2020,,,,,,
Hamer Elementary School,,"2450 E 2100 N Hamer, ID 83425",ID,83425,2086636017,3/18/2020,4/3/2020,,,,,,
Hansen High School,,"550 Main St S Hansen, ID 83334",ID,83334,2084235475,3/30/2020,4/30/2020,,,,,,
Hardy Estates,,"3406 Saddlehorn Way Caldwell, ID 83605",ID,83605,2084553331,3/18/2020,6/30/2020,,,,,,
Harrison Elementary School,,"600 Harrison Twin Falls, ID 83301",ID,83301,2087330134,3/30/2020,4/30/2020,,,,,,
Harvest Foods,,"800 Bank St Wallace , ID 83873",ID,83873,2087441118,3/19/2020,6/30/2020,,,,,,
Hawthorne Elementary,,"2401 W Targee St Boise , ID 83705",ID,83705,2088544067,3/23/2020,6/30/2020,,,,,,
Hawthorne Elementary School,,"1520 South Blvd Idaho Falls, ID 83402",ID,83402,2085257532,3/18/2020,6/30/2020,,,,,,
Hawthorne Park,,"W Eldredge Rd and Conlin Rd Pocatello, ID 83201",ID,83201,2082353256,3/25/2020,5/30/2020,,,,,,
Hazelton City Park,,"298 East 900 South Hazelton, ID 83335",ID,83335,2088294107,3/31/2020,6/30/2020,,,,,,
Heartland High School,,"124 Idaho St McCall, ID  83638",ID ,83638,2086305003,3/30/2020,6/30/2020,,,,,,
Helmer Store & Cafe,,"5588 ID - 8 Deary, ID 83823",ID,83823,2088771153,3/23/2020,3/27/2020,,,,,,
Henry's Fork Elementary,,"425 N 3rd W St. Anthony, ID 83445",ID,83445,2086247542,3/23/2020,4/20/2020,,,,,,
Heritage Community Charter School,,"1803 E. Ustick Rd Caldwell, ID 83605",ID,83605,2084538070,3/30/2020,6/30/2020,,,,,,
Heyburn Elementary,,"1405 Main Ave St. Maries, ID 83861",ID,83861,2082451309,3/23/2020,6/30/2020,,,,,,
Highway 12 Bus Route,,"104 South Main Kooskia, ID 83539",ID,83539,2089830990,3/19/2020,6/30/2020,,,,,,
Highway 12 Bus Route,,"Intersection HWY 12 and HWY 13 Kooskia, ID 83539",ID,83539,2089830990,3/19/2020,6/30/2020,,,,,,
Highway 12 Bus Route,,"Intersection HWY 12 and Hale Rd Kooskia, ID 83539",ID,83539,2089830990,3/19/2020,6/30/2020,,,,,,
Highway 12 Bus Route,,"103 S. Front  Rd. (HWY 12) Kamiah, ID 83539",ID,83539,2089830990,3/19/2020,6/30/2020,,,,,,
Highway 12 Bus Route,,"HWY 12 - MP 77 Kooskia, ID 83539",ID,83539,2089830990,3/19/2020,6/30/2020,,,,,,
Highway 12 Bus Route,,"HWY 12 - MP 80 Kooskia, ID 83539",ID,83539,2089830990,3/19/2020,6/30/2020,,,,,,
Highway 12 Bus Route,,"HWY 12 - MP 80.5 Kooskia, ID 83539",ID,83539,2089830990,3/19/2020,6/30/2020,,,,,,
Highway 12 Bus Route,,"HWY 12- MP 81 Kooskia, ID 83539",ID,83539,2089830990,3/19/2020,6/30/2020,,,,,,
Highway 12 Bus Route,,"HWY 12- MP 84 Kooskia, ID 83539",ID,83539,2089830990,3/19/2020,6/30/2020,,,,,,
Highway 12 Bus Route,,"Intersection Smith Creek and HWY 12 Kooskia, ID 83539",ID,83539,2089830990,3/19/2020,6/30/2020,,,,,,
Highway 12 Bus Route,,"115 Selway Road Kooskia, ID 83539",ID,83539,2089830990,3/19/2020,6/30/2020,,,,,,
Hill Top Restaurant Parking Lot,,"41845 Silver Valley Road Kingston, ID 83839",ID,83839,2087841348,3/23/2020,4/3/2020,,,,,,
Hillcrest Elementary,,"2045 S Pond St Boise , ID 83705",ID,83705,2088544067,3/23/2020,6/30/2020,,,,,,
Hillcrest Elementary School,,"1045 Bennett American Falls, ID 83211",ID,83211,2082214830,3/30/2020,5/1/2020,,,,,,
Hillview Elementary,,"3075 Teton St Ammon, ID 83406",ID,83406,2082279671,3/16/2020,6/30/2020,,,,,,
Hollister Elementary School,,"2463 Contact Avenue Twin Falls, ID 83301",ID,83301,2082932883,3/30/2020,6/30/2020,,,,,,
Hollypark Drive and Huckelberry Street Intersection,,"Hollypark Drive & Huckelberry Street Idaho Falls, ID 83401",ID,83401,2085257532,3/18/2020,6/30/2020,,,,,,
Homedale Elementary,,"420 W Washington Homedale, ID 83628",ID,83628,2083374033,3/30/2020,4/30/2020,"M,T,W,Th",,,,,
Hope House of Boundary County,,"5100 Camelot Rd Moyie Springs, ID 83847",ID,83847,2082675519,3/23/2020,5/31/2020,"M,T,W,Th",,,,,
Horizon Elementary,,"730 N Mitchell St Boise , ID 83704",ID,83704,2088544067,3/23/2020,6/30/2020,,,,,,
Horizon Food Service Bus Route #1,,"S Goldking Way & S Smoke Ranch Dr. Boise, ID 83709",ID,83709,2088544067,3/23/2020,6/30/2020,,,,,,
Horizon Food Service Bus Route #1,,"W Hackamore Dr. & W Martingale Dr. Boise, ID 83709",ID,83709,2088544067,3/23/2020,6/30/2020,,,,,,
Horizon Food Service Bus Route #1,,"W Shoup Ave & Dalton Ln Boise, ID 83709",ID,83709,2088544067,3/23/2020,6/30/2020,,,,,,
Horizon Food Service Bus Route #1,,"730 N Mitchell St Boise, ID 83704",ID,83704,2088544067,3/23/2020,6/30/2020,,,,,,
Horizon Food Service Bus Route #2,,"S Bird St & W Hackamore Dr. Boise, ID 83709",ID,83709,2088544067,3/23/2020,6/30/2020,,,,,,
Horizon Food Service Bus Route #2,,"W Shoup Dr. & S Pine Tree Ln (by park) Boise, ID 83709",ID,83709,2088544067,3/23/2020,6/30/2020,,,,,,
Horizon Food Service Bus Route #2,,"W Irving St & N Maple Grove Boise, ID 83709",ID,83709,2088544067,3/23/2020,6/30/2020,,,,,,
Hornet Creek,,"4256 Landore Rd Bear, ID 83612",ID,83612,2082534223,3/30/2020,4/30/2020,,,,,,
Horseshoe Bend Elementary School,,"398 School Rd Horseshoe Bend, ID  83629",ID ,83629,2087932225,3/30/2020,6/30/2020,,,,,,
Horseshoe Bend Park,,"112 Ada Street Horseshoe Bend, ID  83629",ID ,83629,2087932225,3/30/2020,6/30/2020,,,,,,
Hunt Road Area,,"Intersection Hunt Road and Lake Channel Road American Falls, ID 83211",ID,83211,2082214830,3/30/2020,5/1/2020,,,,,,
I T Stoddard Elementary,,"460 York Dr Blackfoot, ID 83221",ID,83221,2087858861,3/23/2020,4/3/2020,,,,,,
IB Perrine Elementary School,,"452 Caswell Ave W Twin Falls, ID 83301",ID,83301,2087330134,3/30/2020,4/30/2020,,,,,,
Idaho Army National Guard,,"1920 Center Ave Payette, ID 83661",ID,83661,2086424751,3/18/2020,3/30/2020,,,,,,
Idaho Hill Elementary School,,"402 East 3rd Street Oldtown, ID 83822",ID,83822,20844844365,3/23/2020,6/30/2020,,,,,,
Independence High School,,"155 E Francis St Blackfoot, ID 83221",ID,83221,2087858861,3/23/2020,4/3/2020,,,,,,
Indian Creek Estates,,"5016 East Ustick Rd. Caldwell, ID 83605",ID,83605,2084553331,3/18/2020,6/30/2020,,,,,,
Indian Hills Bus Route,,"505 Indian Hills Moscow , ID 83843",ID,83843,2088921123,3/24/2020,4/3/2020,,,,,,
Indian Hills Bus Route,,"Indian Hills and Atrirk Moscow , ID 83843",ID,83843,2088921123,3/24/2020,4/3/2020,,,,,,
Indian Hills Bus Route,,"Pine Cone Rd & Travois Way Moscow , ID 83843",ID,83843,2088921123,3/24/2020,4/3/2020,,,,,,
Indian Hills Bus Route,,"Powers Ave and Nursery St. Moscow , ID 83843",ID,83843,2088921123,3/24/2020,4/3/2020,,,,,,
Indian Hills Elementary School,,"666 Cheyenne Ave Pocatello, ID 83204",ID,83204,2082353256,3/25/2020,5/30/2020,,,,,,
Iowa Elementary School,,"626 W. Iowa Ave Nampa, ID 83686",ID,83686,2084684607,3/30/2020,4/21/2020,,,,,,
Irving Middle School,,"911 North Grant Ave Pocatello, ID 83204",ID,83204,2082353256,3/25/2020,5/30/2020,,,,,,
J.R. Simplot Elementary School,,"820 Tyhee Ave American Falls, ID 83211",ID,83211,2082214830,3/30/2020,5/1/2020,,,,,,
Jefferson Elementary,,"200 S Latah St Boise , ID 83705",ID,83705,2088544067,3/23/2020,6/30/2020,,,,,,
Jefferson Elementary School,,"1455 Gwen Dr. Pocatello, ID 83204",ID,83204,2082353256,3/25/2020,5/30/2020,,,,,,
Jefferson Food Service Bus Route,,"W Morris Hil Rd. & N Chambers Ln Boise, ID 83706",ID,83706,2088544067,3/23/2020,6/30/2020,,,,,,
Jefferson Food Service Bus Route,,"W Irving St & N Garden St. Boise, ID 83706",ID,83706,2088544067,3/23/2020,6/30/2020,,,,,,
Jefferson Food Service Bus Route,,"S Garden St &  W Alpine St Boise, ID 83705",ID,83705,2088544067,3/23/2020,6/30/2020,,,,,,
Jefferson Food Service Bus Route,,"200 S Latah St Boise, ID 83705",ID,83705,2088544067,3/23/2020,6/30/2020,,,,,,
Jefferson Food Service Bus Route,,"4600 W Camas St Boise, ID 83705",ID,83705,2088544067,3/23/2020,6/30/2020,,,,,,
Jenifer Jr. High School,,"1213 16th St Lewiston , ID 83501",ID,83501,2087483064,3/16/2020,,,,,,,
Jerome High School,,"104 Tiger Drive North Jerome , ID 83338",ID,83338,2082264278,3/23/2020,5/21/2020,,,,,,
Jerome Middle School,,"520 10th Avenue West Jerome , ID 83339",ID,83339,2082264278,3/23/2020,5/21/2020,,,,,,
John V Evans Elementary School,,"3000 Parke Ave Burley, ID 83318",ID,83318,2088786626,3/30/2020,4/3/2020,,,,,,
Juliaetta Elementary School,,"305 4th St Juliaetta, ID 83535",ID,83535,2082894211,3/23/2020,4/20/2020,,,,,,
Kellogg Middle School,,"790 Bunker Avenue Kellogg, ID 83837",ID,83837,2087841348,3/23/2020,4/3/2020,,,,,,
Kendrick Jr/Sr High School,,"2001 State Hwy 3 Kendrick, ID 83537",ID,83537,2082894211,3/23/2020,4/20/2020,,,,,,
Kenmare Trace Apartments,,"643 S 12th St. Payette, ID 83661",ID,83661,2086424751,3/18/2020,3/30/2020,,,,,,
Kennedy Elementary,,"60 S 5th W. Rexburg, ID 83440",ID,83440,208359362,3/18/2020,3/28/2020,,,,,,
Kimberly Elementary School,,"311 Main St South Kimberly , ID 83341",ID,83341,2084234170,3/23/2020,4/30/2020,,,,,,
Kingston Kwik Stop,,"42980 Silver Valley Road Kingston, ID 83839",ID,83839,2087841348,3/23/2020,4/3/2020,,,,,,
Koelsch Elementary,,"2015 N Curtis Rd Boise , ID 83706",ID,83706,2088544067,3/23/2020,6/30/2020,,,,,,
Koelsch Food Service Bus Route,,"520 N Liberty St Boise, ID 83704",ID,83704,2088544067,3/23/2020,6/30/2020,,,,,,
Koelsch Food Service Bus Route,,"N Allumbaugh St. & W Colehaven Dr. Boise, ID 83704",ID,83704,2088544067,3/23/2020,6/30/2020,,,,,,
Koelsch Food Service Bus Route,,"Colehaven Dr. & N Liberty St. Boise, ID 83704",ID,83704,2088544067,3/23/2020,6/30/2020,,,,,,
Koelsch Food Service Bus Route,,"2015 N Curtis Rd Boise, ID 83706",ID,83706,2088544067,3/23/2020,6/30/2020,,,,,,
Koelsch Food Service Bus Route,,"W Poplar St. & N Allumbaugh St Boise, ID 83704",ID,83704,2088544067,3/23/2020,6/30/2020,,,,,,
Kootenai Elementary School,,"301 Sprague St. Kootenai, ID 83840",ID,83840,20826321841018,3/19/2020,6/30/2020,,,,,,
Kootenai School,,"13030 E O'Gara Road Harrison, ID 83833",ID,83833,2086893511,3/19/2020,6/30/2020,,,,,,
Kuna High School,,"637 Deer Flat Rd. Kuna, ID 83634",ID,83634,2089191104,3/19/2020,6/30/2020,,,,,,
Lakeland Jr. High,,"15601 ID-41 Rathdrum, ID 83858",ID,83858,2086870431,3/18/2020,4/24/2020,,,,,,
Lakes Middle School,,"930 N 15th Street Coeur d' Alene, ID  83814",ID ,83814,2089290220,3/23/2020,6/30/2020,,,,,,
Lakeside Middle School,,"1255 E Street Plummer, ID 83851",ID,83851,2086862194,3/23/2020,6/30/2020,,,,,,
Lakeview Apartments,,"586 South 1900 East Hazelton, ID 83335",ID,83335,2088294107,3/31/2020,6/30/2020,,,,,,
Lakevue Elementary,,"12843 Cirrus Dr Nampa, ID 83651",ID,83651,2084549614,3/30/2020,5/29/2020,,,,,,
Lapwai Elementary,,"170 Agency Rd. Lapwai, ID 83540",ID,83540,2087900988,3/17/2020,6/30/2020,,,,,,
Lazy River Trailer Court,,"11595 N River Rd Payette, ID 83661",ID,83661,2086424751,3/18/2020,3/30/2020,,,,,,
LDA Church Parking Lot,,"403 N. Blvd Grangeville, ID 83530",ID,83530,2089830990,3/19/2020,6/30/2020,,,,,,
Lena Whitmore Park,,"110 S Blaine St. Moscow , ID 83843",ID,83843,2088921123,3/24/2020,4/3/2020,,,,,,
Lewis & Clark Elementary,,"1105 Laster Street Caldwell, ID 83607",ID,83607,2084553331,3/18/2020,6/30/2020,,,,,,
Lewis & Clark Elementary School,,"800 Grace Dr. Pocatello, ID 83201",ID,83201,2082353256,3/25/2020,5/30/2020,,,,,,
Lewis & Clark Middle School,,"4141 E Pine St. Meridian, ID 83642",ID,83642,2083505109,3/20/2020,6/30/2020,,,,,,
Limelight Apartments,,"2013 Warm Springs Rd. Ketchum, ID 83333",ID,83333,2085785000,3/18/2020,4/3/2020,,,,,,
Lincoln Elementary,,"1200 Grant St. Caldwell, ID 83605",ID,83605,2084553331,3/18/2020,6/30/2020,,,,,,
Lincoln Elementary School,,"238 Buhl St. N Twin Falls, ID 83301",ID,83301,2087330134,3/30/2020,4/30/2020,,,,,,
Linden Park Elementary School,,"1305 9th Street Idaho Falls, ID 83404",ID,83404,2085257532,3/18/2020,6/30/2020,,,,,,
Lindy Ross Elementary,,"526 S Oakley St Dubois, ID 83423",ID,83423,2085208099,3/18/2020,4/2/2020,,,,,,
Lower Ross Park,,"Riverside Dr and W Carson St Pocatello, ID 83201",ID,83201,2082353256,3/25/2020,5/30/2020,,,,,,
Luke's Gulch Bus Route,,"215 Main Street Stites, ID 83552",ID,83552,2089830990,3/19/2020,6/30/2020,,,,,,
Luke's Gulch Bus Route,,"Intersection LAZY J DRIVE And N. River Road Stites, ID 83552",ID,83552,2089830990,3/19/2020,6/30/2020,,,,,,
Luke's Gulch Bus Route,,"729 Three Bear Lane Stites, ID 83552",ID,83552,2089830990,3/19/2020,6/30/2020,,,,,,
Luke's Gulch Bus Route,,"221 Cottonwood Creek Road Stites, ID 83552",ID,83552,2089830990,3/19/2020,6/30/2020,,,,,,
Luke's Gulch Bus Route,,"2157 Lukes Gulch Road Kooskia, ID 83539",ID,83539,2089830990,3/19/2020,6/30/2020,,,,,,
Luke's Gulch Bus Route,,"2135 Lukes Gulch Road Kooskia, ID 83539",ID,83539,2089830990,3/19/2020,6/30/2020,,,,,,
Luke's Gulch Bus Route,,"1881 Lukes Gulch Road Kooskia, ID 83539",ID,83539,2089830990,3/19/2020,6/30/2020,,,,,,
Luke's Gulch Bus Route,,"1832 Lukes Gulch Road Stites, ID 83552",ID,83552,2089830990,3/19/2020,6/30/2020,,,,,,
M & W Market,,"122 5th Avenue West Gooding, ID 83330",ID,83330,2089344321,3/18/2020,6/30/2020,,,,,,
Mackay School District,,"400 E Spruce St Mackay, ID 83251",ID,83251,2085882834,3/24/2020,4/2/2020,,,,,,
Madison High ,,"2300 University Blvd Rexburg, ID 83440",ID,83440,208359362,3/18/2020,3/28/2020,,,,,,
Madison Jr. High,,"134 Madison Avenue Rexburg, ID 83440",ID,83440,208359362,3/18/2020,3/28/2020,,,,,,
Madison Middle,,"575 W 7th St. Rexburg, ID 83440",ID,83440,208359362,3/18/2020,3/28/2020,,,,,,
Magnolia Apartment Complex,,"3549 W. Magnolia Boise , ID  83703",ID ,83703,2088544067,3/23/2020,6/30/2020,,,,,,
Main St. Mobile Home Park,,"2245 California St. Gooding, ID 83330",ID,83330,2089344321,3/17/2020,6/30/2020,,,,,,
Main Street Trailer Park,,"2200 Main St Gooding, ID 83330",ID,83330,2089344321,3/18/2020,6/30/2020,,,,,,
Malad Elementary School,,"250 W 400 N Malad, ID 83252",ID,83252,2085346080400,3/30/2020,4/10/2020,,,,,,
Manchester & Beech Intersection,,"Manchester Dr & W Beech St Caldwell, ID 83605",ID,83605,2084553331,3/18/2020,6/30/2020,,,,,,
Marsing City Park,,"425 W Main St Marsing, ID 83639",ID,83639,2086495411,3/18/2020,4/10/2020,,,,,,
Marsing Elementary School,,"207 8th Ave West Hwy 78 Marsing, ID 83639",ID,83639,2086495411,3/18/2020,4/10/2020,,,,,,
Marsing High School,,"209 8th Ave West Hwy 78 Marsing, ID 83639",ID,83639,2086495411,3/18/2020,4/10/2020,,,,,,
Marsing Labor Camp,,"5758 ID-78 Marsing, ID 83639",ID,83639,2086495411,3/18/2020,4/10/2020,,,,,,
Marsing Middle School,,"209 8th Ave West Hwy 78 Marsing, ID 83639",ID,83639,2086495411,3/18/2020,4/10/2020,,,,,,
Marsing/Homedale Cemetary,,"4444 Cemetery Rd. Marsing, ID 83639",ID,83639,2086495411,3/18/2020,4/10/2020,,,,,,
McGhee Elementary,,"636 Warner Ave. Lewiston , ID 83501",ID,83501,2087483064,3/16/2020,,,,,,,
Meridian Elementary,,"1035 W 1st St Meridian, ID 83642",ID,83642,2086393165,3/19/2020,6/5/2020,,,,,,
Meridian Middle School,,"1507 W 8th St. Meridian, ID 83642",ID,83642,2083505109,3/20/2020,6/30/2020,,,,,,
Middleton Academy,,"200 S. Viking Ave Middleton, ID 83644",ID,83644,2085856700,3/17/2020,4/3/2020,,,,,,
Midway Elementary,,"623 N 3470 E Menan, ID 83434",ID,83434,2087456693,3/18/2020,4/3/2020,,,,,,
Mill Road Bus Stop,,"316 Mill Rd Mullan, ID 83846",ID,83846,2087441118,3/19/2020,6/30/2020,,,,,,
Minidoka National Historical Site,,"Hunt Road Jerome, ID 83338",ID,83338,2088294107,3/31/2020,6/30/2020,,,,,,
Monteview Church,,"2413 N 800 E Monteview, ID 83450",ID,83450,2086636017,3/20/2020,4/3/2020,,,,,,
Moreland Elementary,,"185 N 750 W Moreland, ID 83256",ID,83256,2086843001,3/23/2020,6/30/2020,,,,,,
Mores Creek Fire Dept.,,"128 Mores Creek Rim Rd. Boise, ID 83716",ID,83716,2083924183,3/30/2020,6/30/2020,,,,,,
Morley Nelson Elementary,,"7701 W Northview St Boise , ID 83704",ID,83704,2088544067,3/23/2020,6/30/2020,,,,,,
Morningside Elementary School,,"701 Morningside Twin Falls, ID 83301",ID,83301,2087330134,3/30/2020,4/30/2020,,,,,,
Mountain Home High School,,"300 S 11th E Mountain Home, ID 83647",ID,83647,2085872580,3/30/2020,6/30/2020,,,,,,
Mountain Home Junior High School,,"1600 E 6th S St Mountain Home, ID 83647",ID,83647,2085872580,3/30/2020,6/30/2020,,,,,,
Mt. Hall Elementary School,,"1275 Highway 1 Bonners Ferry, ID 83805",ID,83805,2082675519,3/23/2020,5/31/2020,"M,T,W,Th",,,,,
Mt. Harrison High School,,"1431 17th Street Heyburn, ID 83336",ID,83336,2084363625,3/18/2020,3/20/2020,,,,,,
Mt. View Middle School,,"645 W 50 S Blackfoot, ID 83221",ID,83221,2087858861,3/23/2020,4/3/2020,,,,,,
Mtn. View Trailer Park,,"2819 S Georgia Ave Caldwell, ID 83605",ID,83605,2084553331,3/18/2020,6/30/2020,,,,,,
Mud Lake City Building,,"1005 E 1500 N Terreton, ID 83450",ID,83450,2086636017,3/20/2020,4/3/2020,,,,,,
Mullan School District,,"345 Park St Mullan , ID 83846",ID,83846,2087441118,3/19/2020,6/30/2020,,,,,,
Murtaugh School District,,"500 Boyd West Murtaugh, ID 83344",ID,83344,2084325451,3/30/2020,6/30/2020,,,,,,
Nampa Boys and Girls Club,,"316 Stampede Dr. Nampa, ID 83687",ID,83687,2086393165,3/19/2020,6/5/2020,,,,,,
Naples Elementary School,,"145 School House Rd Naples, ID 83847",ID,83847,2082675519,3/23/2020,5/31/2020,"M,T,W,Th",,,,,
New Horizon Center,,"955 W Alameda Pocatello, ID 83201",ID,83201,2082353256,3/25/2020,5/30/2020,,,,,,
New Plymouth Elementary,,"704 S. Plymouth Avenue New Plymouth, ID 83655",ID,83655,2082785333128,3/30/2020,6/30/2020,,,,,,
Nezperce School,,"614 2nd Avenue Nezperce, ID 83543",ID,83543,2089372551,3/19/2020,6/30/2020,,,,,,
North Council,,"2264 Jonathan Ave Fruitvale, ID 83612",ID,83612,2082534223,3/30/2020,4/30/2020,,,,,,
North Elementary,,"290 E 12th N Mountain Home, ID 83647",ID,83647,2085872580,3/30/2020,6/30/2020,,,,,,
North Gate Trailer Park,,"1300 N 9th St Payette, ID 83661",ID,83661,2086424751,3/18/2020,3/30/2020,,,,,,
North Pleasant Valley,,"3371 North Pleasant Valley Road American Falls, ID 83211",ID,83211,2082214830,3/30/2020,5/1/2020,,,,,,
North-Heifer Ranch,,"2050 E 1500 S Gooding, ID 83330",ID,83330,2089344321,3/17/2020,6/30/2020,,,,,,
Northwest Expedition Academy,,"9650 N Government Way Coeur d' Alene, ID  83814",ID ,83814,2089290220,3/23/2020,6/30/2020,,,,,,
Notus Cafeteria,,"20250 Notus Road Caldwell, ID 83607",ID,83607,2084597442,3/30/2020,6/30/2020,,,,,,
O.K. Ward Park,,"1400 W Quinn Rd Chubbuck, ID 83202",ID,83202,2082353256,3/25/2020,5/30/2020,,,,,,
Oakley Elementary School,,"455 West Poplar St. Oakley, ID 83346",ID,83346,2088786626,3/30/2020,4/3/2020,,,,,,
Old Garret Fgt. Parking,,"1424 3rd Ave S Payette, ID 83661",ID,83661,2086424751,3/18/2020,3/30/2020,,,,,,
Old Pullman Highway Route,,"Taylor and Blake Moscow , ID 83843",ID,83843,2088921123,3/24/2020,4/3/2020,,,,,,
Old Pullman Highway Route,,"2280 Old Pullman Highway Moscow , ID 83843",ID,83843,2088921123,3/24/2020,4/3/2020,,,,,,
Old Pullman Highway Route,,"421 West Sweet Ave Moscow , ID 83843",ID,83843,2088921123,3/24/2020,4/3/2020,,,,,,
Oregon Trail Elementary School,,"660 Park Ave Twin Falls, ID 83301",ID,83301,2087330134,3/30/2020,4/30/2020,,,,,,
Orofino Elementary,,"1000 Michigan Ave Orofino, ID 83544",ID,83544,2084760500,3/23/2020,4/30/2020,,,,,,
Orofino School District Bus Route,,"0 Orofino, ID 83544",ID,83544,2084760500,3/23/2020,4/30/2020,,,,,,
Orofino School District Bus Route,,"0 Weippe, ID 83553",ID,83553,2084760500,3/23/2020,4/30/2020,,,,,,
Orofino School District Bus Route,,"0 Pierce, ID 83546",ID,83546,2084760500,3/23/2020,4/30/2020,,,,,,
Orofino School District Bus Route,,"0 Lenore, ID 83541",ID,83541,2084760500,3/23/2020,4/30/2020,,,,,,
Paris Elementary,,"79 Fielding St Paris, ID 83261",ID,83261,2084067771,3/17/2020,3/26/2020,,,,,,
Parma Middle School ,,"905 E. McConnell Ave Parma, ID 83660",ID,83660,20877940691414,3/30/2020,6/30/2020,,,,,,
Paul Elementary,,"201 N 1st St. Paul, ID 83347",ID,83347,2084363625,3/18/2020,3/20/2020,,,,,,
Payette Mobile Park,,"1520 N 6th St. Payette, ID 83661",ID,83661,2086424751,3/18/2020,3/30/2020,,,,,,
Payette Primary School,,"1320 3rd Ave N Payette, ID 83661",ID,83661,2086424751,3/18/2020,3/30/2020,,,,,,
Pinehurst Elementary School,,"201 S 3rd Pinehurst, ID 83850",ID,83850,2087841348,3/23/2020,4/3/2020,,,,,,
Pingree Community Market Parking Lot,,"1505 W Highway 39 Pingree, ID 83262",ID,83262,2086843001,3/23/2020,6/30/2020,,,,,,
Ponderosa Elementary School,,"3483 E. Ponderosa Blvd. Post Falls , ID  83854",ID ,83854,2087731625,3/19/2020,4/3/2020,,,,,,
Popplewell Elementary School,,"200 6th St. Buhl, ID 83316",ID,83316,2085436648,3/30/2020,5/1/2020,,,,,,
Post Falls High School,,"2832 E. Poleline Ave. Post Falls , ID  83854",ID ,83854,2087731625,3/19/2020,4/3/2020,,,,,,
Potlatch Elementary,,"510 Elm St Potlatch, ID 83855",ID,83855,2088751331,3/20/2020,6/30/2020,,,,,,
Potlatch Jr/Sr High School,,"130 6th St Potlatch, ID 83855",ID,83855,2088751331,3/20/2020,6/30/2020,,,,,,
Preston High School,,"151 E 2nd St. Preston, ID 83263",ID,83263,2082406887,3/30/2020,6/30/2020,,,,,,
Priest River Elementary School,,"231 Harriet Street Priest River, ID 83856",ID,83856,20844844365,3/23/2020,6/30/2020,,,,,,
Priest River High School,,"5709 Hwy 2 Priest River, ID 83856",ID,83856,20844844365,3/23/2020,6/30/2020,,,,,,
Raft River Elementary School,,"140 West Center Malta, ID 83342",ID,83342,2088786626,3/30/2020,4/3/2020,,,,,,
Ramsey Elementary,,"W 1351 Kathleen Ave Coeur d' Alene, ID  83814",ID ,83814,2089290220,3/23/2020,6/30/2020,,,,,,
Ranch Bowl Bowling Alley,,"1730 Main St. Gooding, ID 83330",ID,83330,2089344321,3/18/2020,6/30/2020,,,,,,
Raymond Park,,"N Grant Ave and W Carson St Pocatello, ID 83201",ID,83201,2082353256,3/25/2020,5/30/2020,,,,,,
Reed Elementary School,,"1670 N Linder Rd. Kuna, ID 83635",ID,83635,2089191104,3/19/2020,6/30/2020,,,,,,
Renaissance High School,,"1307 E Central Dr. Meridian, ID 83642",ID,83642,2083505109,3/20/2020,6/30/2020,,,,,,
Ridge Crest Elementary,,"800 Airport Rd Blackfoot, ID 83221",ID,83221,2087858861,3/23/2020,4/3/2020,,,,,,
Ridleys,,"Idaho St. & 9th Ave W Gooding, ID 83330",ID,83330,2089344321,3/18/2020,6/30/2020,,,,,,
Ririe Elementary School ,,"260 1st West Ririe, ID 83443",ID,83443,2083177187,3/18/2020,6/30/2020,,,,,,
River City Middle School,,"1505 N. Fir Street Post Falls , ID  83854",ID ,83854,2087731625,3/19/2020,4/3/2020,,,,,,
Riverfront Park,,"508 E 42nd St. Garden City, ID 83714",ID,83714,2086393165,3/19/2020,6/5/2020,,,,,,
Riverside Elementary,,"16 S 700 W Blackfoot, ID 83221",ID,83221,2086843001,3/23/2020,6/30/2020,,,,,,
Roberts Elementary,,"682 N 2858 E Roberts, ID 83444",ID,83444,2087456693,3/18/2020,4/3/2020,,,,,,
Robie Creek Fire Dept.,,"349 Robie Creek Rd. Boise, ID 83716",ID,83716,2083924183,3/30/2020,6/30/2020,,,,,,
Rockford Park,,"63 S 1200 W Blackfoot, ID 83221",ID,83221,2086843001,3/23/2020,6/30/2020,,,,,,
Rockland School,,"321 E Center St Rockland, ID 83271",ID,83271,2085472221,3/30/2020,6/30/2020,,,,,,
Rocky Mountain Middle,,"3443 N Ammon Rd Idaho Falls, ID 83401",ID,83401,2082279671,3/16/2020,6/30/2020,,,,,,
Rolling Hills Public Charter School,,"8300 Horseshoe Bend Road Boise, ID  83714",ID ,83714,6196543018,3/19/2020,6/30/2020,,,,,,
Ross Elementary School,,"610 N School St. Kuna, ID 83636",ID,83636,2089191104,3/19/2020,6/30/2032,,,,,,
Route #1: Enrose - Sand Hollow; stop 1.1,,"24761 Conway Road Caldwell, ID 83607",ID,83607,2084597442,3/30/2020,6/30/2020,,,,,,
Route #1: Enrose - Sand Hollow; stop 1.10,,"19476 Market Rd Caldwell, ID 83607",ID,83607,2084597442,3/30/2020,6/30/2020,,,,,,
Route #1: Enrose - Sand Hollow; stop 1.11,,"Corner of Dip Ln & Lon Davis Parma, ID 83660",ID,83660,2084597442,3/30/2020,6/30/2020,,,,,,
Route #1: Enrose - Sand Hollow; stop 1.12,,"19583 Galloway Caldwell, ID 83607",ID,83607,2084597442,3/30/2020,6/30/2020,,,,,,
Route #1: Enrose - Sand Hollow; stop 1.2  ,,"24248 Conway Road Caldwell, ID 83607",ID,83607,2084597442,3/30/2020,6/30/2020,,,,,,
Route #1: Enrose - Sand Hollow; stop 1.3 ,,"24395 Hop Road Caldwell, ID 83607",ID,83607,2084597442,3/30/2020,6/30/2020,,,,,,
Route #1: Enrose - Sand Hollow; stop 1.4,,"25784 Hop Road Caldwell, ID 83607",ID,83607,2084597442,3/30/2020,6/30/2020,,,,,,
Route #1: Enrose - Sand Hollow; stop 1.5,,"18248 Goodson Caldwell, ID 83607",ID,83607,2084597442,3/30/2020,6/30/2020,,,,,,
Route #1: Enrose - Sand Hollow; stop 1.6 (Sinclair Station),,"16000 Highway 20/26 Caldwell, ID 83607",ID,83607,2084597442,3/30/2020,6/30/2020,,,,,,
Route #1: Enrose - Sand Hollow; stop 1.7,,"15581 Purple Sage Caldwell, ID 83607",ID,83607,2084597442,3/30/2020,6/30/2020,,,,,,
Route #1: Enrose - Sand Hollow; stop 1.8,,"18346 Sand Hollow Caldwell, ID 83607",ID,83607,2084597442,3/30/2020,6/30/2020,,,,,,
Route #1: Enrose - Sand Hollow; stop 1.9,,"Corner of Market & Sand Hollow Caldwell, ID 83607",ID,83607,2084597442,3/30/2020,6/30/2020,,,,,,
Route #2: Dixie - In Town; stop 2.1 ,,"510 Notus Rd Notus, ID 83656",ID,83656,2084597442,3/30/2020,6/30/2020,,,,,,
Route #2: Dixie - In Town; stop 2.10,,"Idaho & Hwy 20/26 Caldwell, ID 83607",ID,83607,2084597442,3/30/2020,6/30/2020,,,,,,
Route #2: Dixie - In Town; stop 2.11,,"21377 Boise River Road Caldwell, ID 83607",ID,83607,2084597442,3/30/2020,6/30/2020,,,,,,
Route #2: Dixie - In Town; stop 2.12 ,,"Corner of Boise River Rd & Howe Caldwell, ID 83607",ID,83607,2084597442,3/30/2020,6/30/2020,,,,,,
Route #2: Dixie - In Town; stop 2.13 ,,"22681 Howe Road Caldwell, ID 83607",ID,83607,2084597442,3/30/2020,6/30/2020,,,,,,
Route #2: Dixie - In Town; stop 2.14 ,,"22789 Notus Road Caldwell, ID 83607",ID,83607,2084597442,3/30/2020,6/30/2020,,,,,,
Route #2: Dixie - In Town; stop 2.15,,"23325 Boise River Road Caldwell, ID 83607",ID,83607,2084597442,3/30/2020,6/30/2020,,,,,,
Route #2: Dixie - In Town; stop 2.16 (Greenleaf City Hall),,"20523 Whittier Dr. Greenleaf, ID 83626",ID,83626,2084597442,3/30/2020,6/30/2020,,,,,,
Route #2: Dixie - In Town; stop 2.2 (Notus City Hall),,"375 Notus Road Notus, ID 83656",ID,83656,2084597442,3/30/2020,6/30/2020,,,,,,
Route #2: Dixie - In Town; stop 2.3,,"417 Fargo Notus, ID 83656",ID,83656,2084597442,3/30/2020,6/30/2020,,,,,,
Route #2: Dixie - In Town; stop 2.4,,"512 1st Street Notus, ID 83656",ID,83656,2084597442,3/30/2020,6/30/2020,,,,,,
Route #2: Dixie - In Town; stop 2.5,,"339 Jasper Notus, ID 83656",ID,83656,2084597442,3/30/2020,6/30/2020,,,,,,
Route #2: Dixie - In Town; stop 2.6,,"382 Jasper Notus, ID 83656",ID,83656,2084597442,3/30/2020,6/30/2020,,,,,,
Route #2: Dixie - In Town; stop 2.7,,"Corner of 2nd Street & Jasper Notus, ID 83656",ID,83656,2084597442,3/30/2020,6/30/2020,,,,,,
Route #2: Dixie - In Town; stop 2.8,,"Corner of View and Jasper Notus, ID 83656",ID,83656,2084597442,3/30/2020,6/30/2020,,,,,,
Route #2: Dixie - In Town; stop 2.9,,"Corner of Tower & Jasper Notus, ID 83656",ID,83656,2084597442,3/30/2020,6/30/2020,,,,,,
Sacajawea Elementary,,"1710 North Illinois Caldwell, ID 83605",ID,83605,2084553331,3/18/2020,6/30/2020,,,,,,
Sacajawea Jr. High,,"3610 12th St Lewiston , ID 83501",ID,83501,2087483064,3/16/2020,,,,,,,
Sage Valley Middle School,,"18070 Sanata Ana Ave Nampa, ID 83687",ID,83687,2084549614,3/30/2020,5/29/2020,,,,,,
Sand Hollow Country Market,,"500 Sand Hollow Rd. Caldwell, ID 83607",ID,83607,2082785333128,3/30/2020,6/30/2020,,,,,,
Santa Y,,"Highway 3 South & Highway 6 Santa, ID 83861",ID,83861,2082451309,3/23/2020,6/30/2020,,,,,,
Senior Center,,"103 S Main Street Council, ID 83612",ID,83612,2082534223,3/30/2020,4/30/2020,,,,,,
Sherman Elementary,,"1521 E Sherman Ave Nampa, ID 83686",ID,83686,2084684607,3/30/2020,4/21/2020,,,,,,
Shoestring Shop,,"1600 Shoestring Rd Gooding, ID 83330",ID,83330,2089344321,3/17/2020,6/30/2020,,,,,,
Shoshone Bannock Jr/Sr High,,"50 S Hi-Line Rd Pocatello, ID 83202",ID,83202,2082384200,3/17/2020,6/30/2020,,,,,,
Silver Hills Elementary,,"1246 Silver Valley Road Osburn, ID 83849",ID,83849,2087534515,3/23/2020,4/20/2020,,,,,,
Skyway Elementary,,"6621 Courcelles Parkway Coeur d' Alene, ID  83814",ID ,83814,2089290220,3/23/2020,6/30/2020,,,,,,
Skyway Elementary,,"19430 Ward Rd Caldwell, ID 83605",ID,83605,2084549614,3/30/2020,5/29/2020,,,,,,
Snake River Elementarry,,"500 Stampede Dr Nampa, ID 83687",ID,83687,2084684607,3/30/2020,4/21/2020,,,,,,
Snake River Junior High,,"918 W Highway 39 Blackfoot, ID 83221",ID,83221,2086843001,3/23/2020,6/30/2020,,,,,,
South Council,,"2121 Kilborn Ln Mesa, ID 83643",ID,83643,2082534223,3/30/2020,4/30/2020,,,,,,
South Fork Elementary,,"7163 S 2000 W. Rexburg, ID 83440",ID,83440,208359362,3/18/2020,3/28/2020,,,,,,
South Pleasant Valley,,"Corner of JoAnna Court and Vista American Falls, ID 83211",ID,83211,2082214830,3/30/2020,5/1/2020,,,,,,
Southside Elementary School,,"307 Southside Rd. Cocolalla, ID 83813",ID,83813,20826321841018,3/19/2020,6/30/2020,,,,,,
State Shed,,"Highway 3 N and Hells Gulch Road St. Maries, ID 83861",ID,83861,2082451309,3/23/2020,6/30/2020,,,,,,
Steele Home Bus Stop,,"372 2nd St Mullan, ID 83846",ID,83846,2087441118,3/19/2020,6/30/2020,,,,,,
Stephensen Elementary School,,"100 Gunfighter Ave, Mountain Home AFB Mountain Home AFB, ID 83648",ID,83648,2085872580,3/30/2020,6/30/2020,,,,,,
Stricker Elementary School,,"900 Polk St West Kimberly , ID 83341",ID,83341,2084234170,3/23/2020,4/30/2020,,,,,,
Stuart Park,,"5161 Stuart Ave Pocatello, ID 83202",ID,83202,2082353256,3/25/2020,5/30/2020,,,,,,
Summit Hills Elementary,,"2853 N Lucinda Ave Idaho Falls, ID 83401",ID,83401,2082279671,3/16/2020,6/30/2020,,,,,,
Sunrise Elementary,,"200 E Fir St Shelley, ID 83274",ID,83274,2083577435,3/30/2020,6/30/2020,,,,,,
Suntree Hollow Mobile Home Park,,"12590 Hwy 75 Ketchum, ID 83353",ID,83353,2085785000,3/18/2020,4/3/2020,,,,,,
Taft Elementary,,"3722 W Anderson St Boise , ID 83703",ID,83703,2088544067,3/23/2020,6/30/2020,,,,,,
Taft Food Service Bus Route,,"N 34 St & W Magnolia Boise, ID 83703",ID,83703,2088544067,3/23/2020,6/30/2020,,,,,,
Taft Food Service Bus Route,,"N Market Ln (after turn from W Stoker Ln) Boise, ID 83703",ID,83703,2088544067,3/23/2020,6/30/2020,,,,,,
Taft Food Service Bus Route,,"3304 N Lakeharbor Ln Boise, ID 83703",ID,83703,2088544067,3/23/2020,6/30/2020,,,,,,
Taft Food Service Bus Route,,"W Wylie Ln (just 200 ft. off W State St). Boise, ID 83703",ID,83703,2088544067,3/23/2020,6/30/2020,,,,,,
Taft Food Service Bus Route,,"N Lander St & W Garnet St. Boise, ID 83703",ID,83703,2088544067,3/23/2020,6/30/2020,,,,,,
Tahoe Ridge Bus Route ,,"306 Pine Street Kooskia, ID 83539",ID,83539,2089830990,3/19/2020,6/30/2020,,,,,,
Tahoe Ridge Bus Route ,,"518 Leitch Creek Road Kooskia, ID 83539",ID,83539,2089830990,3/19/2020,6/30/2020,,,,,,
Tahoe Ridge Bus Route ,,"Intersection Too Kush and Walker Road Kooskia, ID 83539",ID,83539,2089830990,3/19/2020,6/30/2020,,,,,,
Tahoe Ridge Bus Route ,,"358 Trenary Road Kooskia, ID 83539",ID,83539,2089830990,3/19/2020,6/30/2020,,,,,,
Tahoe Ridge Bus Route ,,"787 Leitch Creek Road Kooskia, ID 83539",ID,83539,2089830990,3/19/2020,6/30/2020,,,,,,
Tahoe Ridge Bus Route ,,"1832 Nelson Road Kooskia, ID 83539",ID,83539,2089830990,3/19/2020,6/30/2020,,,,,,
Tahoe Ridge Bus Route ,,"506 Red Fir Road Kooskia, ID 83539",ID,83539,2089830990,3/19/2020,6/30/2020,,,,,,
Tahoe Ridge Bus Route ,,"Intersection TINKER CREEK ROAD and Big Cedar Kooskia, ID 83539",ID,83539,2089830990,3/19/2020,6/30/2020,,,,,,
Temple View Elementary School,,"1500 Scorpius Dr. Idaho Falls, ID 83402",ID,83402,2085257532,3/18/2020,6/30/2020,,,,,,
Terreton Elementary Jr/Sr High,,"1256 E 1500 N Terreton, ID 83450",ID,83450,2086636017,3/18/2020,4/3/2020,,,,,,
Teton Elementary,,"128 W Main St. Teton , ID 83451",ID,83451,2086247542,3/23/2020,4/20/2020,,,,,,
Thatcher Elementary School,,"6007 E Thatcher Rd Thatcher , ID  83283",ID ,83283,2083170483,3/18/2020,6/30/2020,,,,,,
The Church of Jesus Christ of Latter-day Saints,,"502 S Iowa Payette, ID 83661",ID,83661,2086424751,3/18/2020,3/30/2020,,,,,,
The Meadows Mobile Home Park,,"70 Meadows Lane Ketchum, ID 83353",ID,83353,2085785000,3/18/2020,4/3/2020,,,,,,
Thirkill Elementary,,"60 E 4th St S Soda Springs, ID 83276",ID,83276,2087091043,3/18/2020,6/30/2020,,,,,,
Three Mile Bus Loop,,"Bus Road Bonners Ferry, ID 83805",ID,83805,2082675519,3/23/2020,5/31/2020,"M,T,W,Th",,,,,
Tiebreaker Elementary,,"3100 1st Street Idaho Falls, ID 83401",ID,83401,2082279671,3/16/2020,6/30/2020,,,,,,
Timberlake High,,"5303 ID-54 Spirit Lake, ID 83869",ID,83869,2086870431,3/18/2020,4/24/2020,,,,,,
Timberline Elementary,,"22869 HWY 11 Weippe, ID 83553",ID,83553,2084760500,3/23/2020,4/30/2020,,,,,,
Town House Apartments,,"415 S 16th St. Payette, ID 83661",ID,83661,2086424751,3/18/2020,3/30/2020,,,,,,
Troy Community Library,,"402 S Main St. Troy, ID  83871",ID ,83871,2086692168,3/17/2020,4/6/2020,,,,,,
Troy Elementary,,"103 Trojan Dr. Troy, ID  83871",ID ,83871,2086692168,3/17/2020,4/6/2020,,,,,,
Turner Dairy,,"1750 S 1625 E Gooding, ID 83330",ID,83330,2089344321,3/18/2020,6/30/2020,,,,,,
Txoko Ona Basque Center,,"333 S Main St. Homedale, ID 83628",ID,83628,2083374033,3/30/2020,4/30/2020,"M,T,W,Th",,,,,
Ucon Elementary,,"10841 N 41 E Idaho Falls, ID 83401",ID,83401,2082279671,3/16/2020,6/30/2020,,,,,,
Upriver School,,"75 Fern St. St. Maries, ID 83861",ID,83861,2082451309,3/23/2020,6/30/2020,,,,,,
Ustick Elementary,,"12435 W Ustick Rd Boise, ID 83713",ID,83713,2083505109,3/20/2020,6/30/2020,,,,,,
Valley Country Store,,"2442 Main St Gooding, ID 83330",ID,83330,2089344321,3/18/2020,6/30/2020,,,,,,
Valley School,,"882 Valley Rd. South Hazelton, ID 83335",ID,83335,2088294107,3/31/2020,6/30/2020,,,,,,
Vallivue High School,,"1407 E Homedale Rd Caldwell, ID 83607",ID,83607,2084549614,3/30/2020,5/29/2020,,,,,,
Valmont Industries Parking Lot,,"2698 Lakeview Road American Falls, ID 83211",ID,83211,2082214830,3/30/2020,5/1/2020,,,,,,
Van Buren Elementary,,"3115 Marblefront Rd Caldwell, ID 83605",ID,83605,2084553331,3/18/2020,6/30/2020,,,,,,
Viola and North Moscow Bus Route,,"1300 Main St. Moscow , ID 83872",ID,83872,2088921123,3/24/2020,4/3/2020,,,,,,
Vision Charter School,,"19291 Ward Road Caldwell, ID 83605",ID,83605,2086024349,3/30/2020,5/31/2020,,,,,,
Wada Farms Area,,"Intersection Lamb Weston and Whitnam Road American Falls, ID 83211",ID,83211,2082214830,3/30/2020,5/1/2020,,,,,,
Wahl Creek Bus Route,,"Intersection 3rd and Main Street Kooskia, ID 83539",ID,83539,2089830990,3/19/2020,6/30/2020,,,,,,
Wahl Creek Bus Route,,"108 Main Street (HWY 13) Stites, ID 83552",ID,83552,2089830990,3/19/2020,6/30/2020,,,,,,
Wahl Creek Bus Route,,"Intersection Bridge Street and HWY 13 Stites, ID 83552",ID,83552,2089830990,3/19/2020,6/30/2020,,,,,,
Wahl Creek Bus Route,,"3919 HWY 13 Stites, ID 83552",ID,83552,2089830990,3/19/2020,6/30/2020,,,,,,
Wahl Creek Bus Route,,"Intersection HWY 13 and ROCKY POINT ROAD Stites, ID 83552",ID,83552,2089830990,3/19/2020,6/30/2020,,,,,,
Wahl Creek Bus Route,,"Intersection Sally Ann Road and Wahl Creek Road Clearwater, ID 83539",ID,83539,2089830990,3/19/2020,6/30/2020,,,,,,
Wahl Creek Bus Route,,"2895 HWY 13 Harpster, ID 83552",ID,83552,2089830990,3/19/2020,6/30/2020,,,,,,
Wahl Creek Bus Route,,"Intersection Jacks Road and Old Elk City Wagon Road Clearwater, ID 83539",ID,83539,2089830990,3/19/2020,6/30/2020,,,,,,
Wahl Creek Bus Route,,"429 WAHL CREEK Kooskia, ID 83539",ID,83539,2089830990,3/19/2020,6/30/2020,,,,,,
Wahl Creek Bus Route,,"Intersection Lee Road and Wahl Creek Road Harpster, ID 83552",ID,83552,2089830990,3/19/2020,6/30/2020,,,,,,
Wahl Creek Bus Route,,"Intersection Clearwater Drive and Wahl Creek Road Harpster, ID 83552",ID,83552,2089830990,3/19/2020,6/30/2020,,,,,,
Wahl Creek Bus Route,,"Intersection Ferguson and Wahl Creek Road Kooskia, ID 83539",ID,83539,2089830990,3/19/2020,6/30/2020,,,,,,
Wahl Creek Bus Route,,"Intersection Lightening Creek Road And HWY 13 Harpster, ID 83552",ID,83552,2089830990,3/19/2020,6/30/2020,,,,,,
Wahl Creek Bus Route,,"2858 Hwy 13 Stites, ID 83552",ID,83552,2089830990,3/19/2020,6/30/2020,,,,,,
Wahl Creek Bus Route,,"Intersection HWY 13 and Sears Harpster, ID 83552",ID,83552,2089830990,3/19/2020,6/30/2020,,,,,,
Wallace Jr./Sr. High School,,"1 Miners Alley Wallace, ID 83873",ID,83873,2087534515,3/23/2020,4/20/2020,,,,,,
Wapello Elementary,,"195 E 350 N Blackfoot, ID 83221",ID,83221,2087858861,3/23/2020,4/3/2020,,,,,,
Washington Elementary,,"2918 Washington Ave Caldwell, ID 83605",ID,83605,2084553331,3/18/2020,6/30/2020,,,,,,
Washington Elementary School,,"226 South 10th Pocatello, ID 83201",ID,83201,2082353256,3/25/2020,5/30/2020,,,,,,
Weiser Middle School,,"320 E Galloway Ave Weiser, ID 83672",ID,83672,2084140723,3/30/2020,5/29/2020,,,,,,
Wendell Elementary,,"232 North Boise St Wendell, ID 83355",ID,83355,2085360019,3/30/2020,6/30/2020,,,,,,
West Canyon Elementary,,"19548 Ustick Rd Caldwell, ID 83607",ID,83607,2084549614,3/30/2020,5/29/2020,,,,,,
West Elementary,,"415 W 2nd N Mountain Home, ID 83647",ID,83647,2085872580,3/30/2020,6/30/2020,,,,,,
West Middle School,,"28 S. Midland Blvd. Nampa, ID 83651",ID,83651,2084684607,3/30/2020,4/21/2020,,,,,,
West Park,,"Idaho Steet Gooding, ID 83330",ID,83330,2089344321,3/18/2020,6/30/2020,,,,,,
West Park Elementary,,"510 Home Moscow , ID 83843",ID,83843,2088921123,3/24/2020,4/3/2020,,,,,,
Westside School,,"609 N 5th St Payette, ID 83661",ID,83661,2086424751,3/18/2020,3/30/2020,,,,,,
Westwood Mobile Home Park,,"413 Broadford Rd. Bellevue, ID 83313",ID,83313,2085785000,3/18/2020,4/3/2020,,,,,,
White Pine Elementary School,,"1900 Hiland Ave Burley, ID 83318",ID,83318,2088786626,3/30/2020,4/3/2020,,,,,,
Whitney Elementary,,"1609 S Owyhee St Boise , ID 83705",ID,83705,2088544067,3/23/2020,6/30/2020,,,,,,
Whitney Trailer Park,,"1015 7th Ave N Payette, ID 83661",ID,83661,2086424751,3/18/2020,3/30/2020,,,,,,
Whittier Elementary School,,"301 N 29th St Boise , ID 83702",ID,83702,2088544067,3/23/2020,6/30/2020,,,,,,
Wicap Head Start School,,"2281 7th Ave N Payette, ID 83661",ID,83661,2086424751,3/18/2020,3/30/2020,,,,,,
Wilcos Elementary School,,"427 Lark Ln Pocatello, ID 83201",ID,83201,2082353256,3/25/2020,5/30/2020,,,,,,
Wilderness Ranch Dept.,,"7 Wilderness Way Boise, ID 83716",ID,83716,2083924183,3/30/2020,6/30/2020,,,,,,
William Thomas Middle School,,"355 Bannock Ave American Falls, ID 83211",ID,83211,2082214830,3/30/2020,5/1/2020,,,,,,
Willow Creek Elementary,,"198 Elementary Lane Nampa, ID 83651",ID,83651,2084684607,3/30/2020,4/21/2020,,,,,,
Wilson Elementary,,"400 East Linden St Caldwell, ID 83605",ID,83605,2084553331,3/18/2020,6/30/2020,,,,,,
Winton Elementary,,"920 W. Lacrosse Coeur d' Alene, ID  83814",ID ,83814,2089290220,3/23/2020,6/30/2020,,,,,,
YMCA Learning Center,,"155 North Corner St. Idaho Falls, ID 83402",ID,83402,7192053750,3/24/2020,4/3/2020,,7:30 AM - 9:00 AM,11 AM - 12:30 PM,,,
